<annotation>
	<folder>images</folder>
	<filename>videoplayback3660.jpg</filename>
	<path>/Users/sai.ravuru/Documents/UCB/W251/v2/week08/hw/MIDS_HW8/images/videoplayback3660.jpg</path>
	<source>
		<database>Unknown</database>
	</source>
	<size>
		<width>1000</width>
		<height>563</height>
		<depth>3</depth>
	</size>
	<segmented>0</segmented>
	<object>
		<name>Millennium Falcon</name>
		<pose>Unspecified</pose>
		<truncated>0</truncated>
		<difficult>0</difficult>
		<bndbox>
			<xmin>358</xmin>
			<ymin>226</ymin>
			<xmax>698</xmax>
			<ymax>335</ymax>
		</bndbox>
	</object>
	<object>
		<name>TIE fighter</name>
		<pose>Unspecified</pose>
		<truncated>0</truncated>
		<difficult>0</difficult>
		<bndbox>
			<xmin>750</xmin>
			<ymin>311</ymin>
			<xmax>787</xmax>
			<ymax>347</ymax>
		</bndbox>
	</object>
	<object>
		<name>TIE fighter</name>
		<pose>Unspecified</pose>
		<truncated>0</truncated>
		<difficult>0</difficult>
		<bndbox>
			<xmin>843</xmin>
			<ymin>272</ymin>
			<xmax>873</xmax>
			<ymax>301</ymax>
		</bndbox>
	</object>
</annotation>
