<annotation>
	<folder>images</folder>
	<filename>videoplayback1625.jpg</filename>
	<path>/Users/sai.ravuru/Documents/UCB/W251/v2/week08/hw/MIDS_HW8/images/videoplayback1625.jpg</path>
	<source>
		<database>Unknown</database>
	</source>
	<size>
		<width>1000</width>
		<height>563</height>
		<depth>3</depth>
	</size>
	<segmented>0</segmented>
	<object>
		<name>Millennium Falcon</name>
		<pose>Unspecified</pose>
		<truncated>0</truncated>
		<difficult>0</difficult>
		<bndbox>
			<xmin>256</xmin>
			<ymin>295</ymin>
			<xmax>850</xmax>
			<ymax>459</ymax>
		</bndbox>
	</object>
	<object>
		<name>TIE fighter</name>
		<pose>Unspecified</pose>
		<truncated>0</truncated>
		<difficult>0</difficult>
		<bndbox>
			<xmin>680</xmin>
			<ymin>253</ymin>
			<xmax>713</xmax>
			<ymax>285</ymax>
		</bndbox>
	</object>
	<object>
		<name>TIE fighter</name>
		<pose>Unspecified</pose>
		<truncated>0</truncated>
		<difficult>0</difficult>
		<bndbox>
			<xmin>825</xmin>
			<ymin>235</ymin>
			<xmax>886</xmax>
			<ymax>288</ymax>
		</bndbox>
	</object>
</annotation>
