<annotation>
	<folder>images</folder>
	<filename>videoplayback2801.jpg</filename>
	<path>/Users/sai.ravuru/Documents/UCB/W251/v2/week08/hw/MIDS_HW8/images/videoplayback2801.jpg</path>
	<source>
		<database>Unknown</database>
	</source>
	<size>
		<width>1000</width>
		<height>563</height>
		<depth>3</depth>
	</size>
	<segmented>0</segmented>
	<object>
		<name>TIE fighter</name>
		<pose>Unspecified</pose>
		<truncated>0</truncated>
		<difficult>0</difficult>
		<bndbox>
			<xmin>338</xmin>
			<ymin>294</ymin>
			<xmax>381</xmax>
			<ymax>347</ymax>
		</bndbox>
	</object>
	<object>
		<name>TIE fighter</name>
		<pose>Unspecified</pose>
		<truncated>0</truncated>
		<difficult>0</difficult>
		<bndbox>
			<xmin>622</xmin>
			<ymin>208</ymin>
			<xmax>672</xmax>
			<ymax>268</ymax>
		</bndbox>
	</object>
</annotation>
