<annotation>
	<folder>images</folder>
	<filename>videoplayback2900.jpg</filename>
	<path>/Users/sai.ravuru/Documents/UCB/W251/v2/week08/hw/MIDS_HW8/images/videoplayback2900.jpg</path>
	<source>
		<database>Unknown</database>
	</source>
	<size>
		<width>1000</width>
		<height>563</height>
		<depth>3</depth>
	</size>
	<segmented>0</segmented>
	<object>
		<name>TIE fighter</name>
		<pose>Unspecified</pose>
		<truncated>0</truncated>
		<difficult>0</difficult>
		<bndbox>
			<xmin>583</xmin>
			<ymin>166</ymin>
			<xmax>637</xmax>
			<ymax>215</ymax>
		</bndbox>
	</object>
	<object>
		<name>Millennium Falcon</name>
		<pose>Unspecified</pose>
		<truncated>1</truncated>
		<difficult>0</difficult>
		<bndbox>
			<xmin>1</xmin>
			<ymin>105</ymin>
			<xmax>627</xmax>
			<ymax>401</ymax>
		</bndbox>
	</object>
</annotation>
